method,n,instruction_satisfaction_mean,memory_contamination_rate_mean,over_correction_rate_mean,over_correction_regret_mean,promotion_precision_mean,promotion_recall_mean,rollback_accuracy_mean,instruction_uplift_mean,over_application_regret_mean,token_cost_mean
critiquescope,30,1.0,0.0,0.0,0.0,1.0,1.0,1.0,1.2349999999999999,0.5816666666666666,25.166666666666668
flat,30,1.0,0.6666666666666666,0.3333333333333333,0.3,0.3333333333333333,1.0,0.8333333333333334,1.2349999999999999,0.5816666666666666,29.5
none,30,0.0,0.0,0.0,0.0,1.0,0.6666666666666666,0.8333333333333334,0.0,0.0,0.0
structured,30,1.0,0.25,0.3333333333333333,0.3,0.75,1.0,0.8333333333333334,1.2349999999999999,0.5816666666666666,23.666666666666668
time_decay,30,1.0,0.0,0.0,0.0,1.0,1.0,0.8333333333333334,1.2349999999999999,0.5816666666666666,25.166666666666668
